line_id,issue_date,sstid,sstt,am,mu,fee,vra,vam,labels
L001,1405-04-27,2909943846083,صابون نمونه مدل 11,1,,395000,9,35550,
L002,1403-02-18,2909638323356,چراغ مطالعه فرضي مدل 69 شركت نمونه فرضي‌1,11,,313000,0,0,
L003,1405-03-20,2909638323356,چراغ مطالعه فرضی مدل 69 شرکت نمونه فرضی 1,5,,811000,0,0,
L004,1405-12-19,2339548088184,خدمات حمل فرضی مدل‌94,4,,3347000,10,1338800,
L005,1405-07-23,2719635367398,شير فرضي,20,,1318000,10,2636000,
L006,1405-12-26,2809376310291,برنج فرضی مدل 14 شرکت نمونه فرضی 5,6,,520000,9,280800,
L007,1405-11-26,2909953976156,کالای فرضی با توضیح‌نرخ,20,,1830000,0,0,
L008,1402-11-17,2809257424641,نان آزمایشی دارای سابقه تغییر شرکت نمونه فرضی,11.5,,1907000,10,2193050,
L009,1405-04-16,2909943846083,صابون نمونه مدل 11 شركت نمونه فرضي 6,17,,4138000,9,6331140,
L010,1405-01-09,2719083638888,صابون‌نمونه,3,,1334000,10,400200,
L011,1405-09-18,2729057385341,بابت خدمات,3,,55584000,10,16675200,
L012,1405-04-26,2909206651897,برنج فرضی دارای سابقه‌تغییر,11,,3398000,10,3737800,
L013,1405-12-29,2729260780947,برنج فرضی مدل 14 شرکت نمونه فرضی 5,17,,3896000,9,5960880,T3
L014,1405-11-21,2339731576325,خدمات نظافت نمونه مدل 80 شرکت نمونه فرضی 5,18.5,,3196000,10,5912600,
L015,1405-10-19,2339887184975,خدمات نظافت نمونه,15,,793000,10,1189500,
L016,1405-11-27,2909953976156,کالای فرضی با توضیح نرخ,16,,1853000,0,0,
L017,1405-12-13,2719635367398,اقلام متفرقه,3,,109487000,10,32846100,
L018,1404-10-06,2729057385341,برنج فرضی,1,,6543000,10,654300,
L019,1405-02-01,2809257424641,نان آزمایشی دارای سابقه‌تغییر,1,,8828000,10,882800,
L020,1405-05-10,2339669896671,خدمات مشاوره فرضی,20,,1092000,9,1965600,
L021,1404-10-12,2339669896671,خدمات مشاوره‌فرضي,15,,11184000,9,15098400,
L022,1402-07-07,2909206651897,برنج فرضي‌داراي سابقه تغيير شركت نمونه فرضي,4,,770000,9,277200,
L023,1405-04-21,2909099592792,کالای فرضی نرخ اعشاری,20,,4174000,12.5,10435000,
L024,1405-05-04,2719055455491,کابل آزمایشی,18,,8033000,9,13013460,
L025,1404-12-02,2909231400877,كابل آزمايشي مدل 84 شركت نمونه فرضي 5,3,,1150000,0,494,T6
L026,1403-04-26,2809257424641,نان آزمایشی دارای سابقه تغییر,3,,6516000,10,1954800,
L027,1403-05-27,2809257424641,نان آزمایشی دارای سابقه تغییر شرکت نمونه فرضی,19,,5272000,10,10016800,
L028,1405-11-09,2809839124072,چراغ مطالعه فرضی مدل 41,19,,323000,10,613700,T2
L029,1405-08-19,2729472776955,دفترچه فرضی,5,,2061000,9,927450,
L030,1402-08-18,2909638323356,چراغ‌مطالعه فرضی مدل 69,1,,3376000,0,0,
L031,1405-11-22,2909953976156,سایر کالاها,1,,519359000,0,0,
L032,1405-10-22,2719635367398,شير فرضي,18,,306000,10,550800,
L033,1405-08-21,2729661819390,نان آزمایشی,11.5,,283000,0,0,
L034,1404-07-19,2729472776955,دفترچه فرضی,6.5,,2348000,9,1373580,
L035,1402-04-13,2339112306342,خدمات آموزشي آزمايشي مدل 30,6,,14578000,10,8746800,
L036,1405-07-06,2809342900995,نان آزمایشی مدل ۳۴,20,,924000,0,263,T6
L037,1404-07-22,2909943846083,صابون نمونه مدل 11,17,,661000,9,1011330,
L038,1404-12-19,2809342900995,نان آزمایشی مدل‌34,8,,647000,0,0,
L039,1403-05-05,2909450557305,صندلی فرضی مدل 64,3,,1044000,10,313200,NOT_IN_FORCE
L040,1405-09-23,2339361159730,خدمات آموزشی آزمایشی,10,,2172000,0,0,
L041,1404-01-27,2809021153081,روغن فرضي مدل 16,19,,3121000,9,5336910,
L042,1403-02-29,2339857623414,بابت خدمات,1,,229119000,10,22911900,
L043,1405-09-22,2339109089775,خدمات حمل فرضي مدل 48 شركت نمونه فرضي 6,19,,11509000,10,21867100,
L044,1405-06-22,2909099592792,كالاي فرضي‌نرخ اعشاري,5,,1356000,12.5,847500,
L045,1405-09-11,2729744617259,پیچ‌نمونه,14,,1786000,12.5,3125500,T2
L046,1405-06-26,2339109089775,خدمات حمل فرضي مدل ۴۸,16,,997000,0,0,T2
L047,1404-08-19,2719083638888,صابون نمونه,7,,163000,10,114460,T6
L048,1405-12-10,2339578798206,خدمات حمل فرضی مدل 31,13.5,,8405000,10,11346750,
L049,1405-12-12,2729057385341,برنج فرضی دارای سابقه تغییر شرکت نمونه فرضی,16,,10418000,10,16668800,T3
L050,1404-02-27,2809021153081,روغن فرضي‌مدل ۱۶,15,,1167000,9,1575450,
L051,1404-09-13,2729057385341,برنج فرضی,9,,4800000,10,4320000,
L052,1404-01-26,2809021153081,روغن فرضی مدل 16,5,,4532000,10,2266000,T2
L053,1405-12-28,2809839124072,چراغ مطالعه فرضي مدل ۴۱,14,,1233000,0,0,
L054,1404-07-23,2909450557305,صندلي فرضي مدل 64,16,,529000,10,846400,
L055,1405-09-26,2809257424641,نان‌آزمایشی دارای سابقه تغییر شرکت نمونه فرضی,17,,1344000,10,2284815,T6
L056,1405-07-30,2729057385341,برنج فرضی,7,,7467000,10,5226900,
L057,1405-07-08,2339669896671,خدمات مشاوره فرضي,12.5,,2986000,9,3359250,
L058,1404-11-19,2809342900995,نان آزمایشی مدل ۳۴,13,,50070000,0,0,
L059,1402-12-11,2809257424641,نان آزمایشی دارای سابقه تغییر,20,,818000,10,1636000,
L060,1402-11-16,2809021153081,روغن فرضی مدل 16 شرکت نمونه فرضی 1,17,,702000,9,1074060,
L061,1405-10-26,2719083638888,خدمات متفرقه,2,,3227968000,10,645593600,T4
L062,1405-10-30,2339887184975,خدمات نظافت نمونه,4,,897000,10,358800,
L063,1404-05-13,2809376310291,برنج فرضی مدل 14 شرکت نمونه فرضی 5,4,,3552000,9,1278720,
L064,1404-11-02,2809376310291,برنج فرضی مدل ۱۴,11,,701000,9,693990,
L065,1405-06-10,2909099592792,کالای فرضی‌نرخ اعشاری,14,,2892000,12.5,5061000,
L066,1404-09-27,2809021153081,روغن فرضی مدل 16 شرکت نمونه فرضی 1,9,,56166000,9,45494460,
L067,1404-11-29,2719055455491,کابل آزمایشی,7,,241000,9,151830,
L068,1405-02-15,2339361159730,خدمات آموزشی آزمایشی,14,,448000,0,0,
L069,1403-09-26,2729472776955,دفترچه فرضی دارای سابقه تغییر شرکت نمونه فرضی,1,,2322000,9,208980,T3
L070,1405-12-25,2339887184975,خدمات نظافت نمونه مدل 80 شرکت نمونه فرضی 5,3,,7634000,10,2290200,T3
L071,1403-05-23,2909670426584,پیچ نمونه مدل 1 شرکت نمونه فرضی 8,16,,744000,10,1190400,
L072,1405-09-03,2339018689563,خدمات‌فرضی نمونه غیر مشمول آزمایشی,1,,22172000,0,0,
L073,1404-03-28,2809021153081,روغن فرضي مدل 16,1,,13343000,9,1200870,
L074,1405-08-14,2809342900995,نان آزمايشي مدل 34 شركت نمونه فرضي 1,15,,10726000,0,0,
L075,1405-10-02,2719694160597,لیوان نمونه آزمایشی,14,,1884000,0,0,
L076,1402-03-10,2909231400877,کابل‌آزمایشی مدل 84,1.5,,1154000,0,0,
L077,1405-11-22,2809839124072,چراغ مطالعه فرضی مدل 41 شرکت نمونه فرضی 3,6,,1388000,0,0,
L078,1405-10-24,2339548088184,خدمات‌حمل فرضی مدل 94 شرکت نمونه فرضی 1,10,,1047000,10,1047000,
L079,1405-07-25,2809342900995,نان آزمایشی مدل 34,11.5,,3022000,0,0,
L080,1404-09-10,2339109089775,خدمات حمل فرضي مدل ۴۸ شركت نمونه فرضي ۶,13,,1127000,10,1465100,
L081,1404-11-23,2339669896671,خدمات مشاوره فرضی,4,,10135000,9,3648600,
L082,1405-11-14,2339731576325,خدمات نظافت‌نمونه مدل 80,8,,1025000,10,820000,
L083,1404-07-13,2909231400877,کابل آزمایشی مدل 84,14,,216000,0,0,
L084,1403-08-16,2339109089775,خدمات‌حمل فرضي مدل 48,1,,1226000,10,122600,
L085,1403-09-01,2339578798206,خدمات حمل‌فرضي مدل ۳۱,15,,680000,10,1020000,NOT_IN_FORCE
L086,1405-10-14,2719635367398,شير فرضي,4,,12896000,10,5158400,
L087,1405-09-22,2719055455491,اقلام متفرقه,2,,6913198000,9,1244375640,T4
L088,1405-09-26,2729260780947,برنج فرضی,8.5,,7731000,9,5914215,
L089,1405-05-15,2809342900995,اقلام متفرقه,5,,533602000,0,0,T4
L090,1405-11-04,2909155236005,کفش نمونه مدل 65,2,,368000,10,40480,T6
L091,1405-10-18,2729260780947,برنج فرضی دارای سابقه تغییر شرکت نمونه فرضی,14,,4977000,9,6271020,T3
L092,1403-08-25,2809734954277,کالای وارداتی فرضی با تاریخ انقضا,8.5,,1644000,10,1397400,
L093,1405-12-15,2339018689563,کالای متفرقه,2,,292348000,0,0,
L094,1405-12-03,2719083638888,صابون نمونه,12,,4623000,10,5547600,
L095,1405-10-22,2339018689563,خدمات فرضي نمونه غير مشمول آزمايشي,9,,3176000,0,0,
L096,1402-09-17,2331019145055,برنج فرضی مدل‌۱۴,11,,3858000,12.5,5304750,NOT_IN_CATALOG
L097,1405-12-16,2339548088184,خدمات حمل فرضي مدل 94,14,,3398000,10,4757200,
L098,1405-11-20,2909953976156,كالاي فرضي با توضيح نرخ,13,,5542000,0,420,T6
L099,1405-09-02,2719055455491,كابل آزمايشي,7,,4383000,9,2761290,
L100,1405-08-11,2809376310291,برنج فرضی مدل‌14,13.5,,2807000,9,3410505,
L101,1405-09-22,2729260780947,برنج فرضي,9,,10725000,9,8687250,
L102,1405-09-27,2339018689563,خدمات فرضی‌نمونه غیر مشمول آزمایشی,14,,629000,0,0,
L103,1405-11-03,2729260780947,برنج‌فرضی,7,,5012000,9,3157560,
L104,1405-12-15,2729688871319,پارچه آزمایشی,9,,500000,10,450000,
L105,1403-06-28,2809834670390,دفترچه فرضی دارای سابقه تغییر,11,,1580000,10,1738000,
L106,1405-05-12,2809376310291,برنج‌فرضي مدل 14,15,,5736000,9,7743600,
L107,1405-06-31,2719333501610,خدمات متفرقه,1,,12155839000,0,0,T4
L108,1405-01-15,2729744617259,پیچ نمونه,19.5,,4477000,10,8730150,
L109,1405-10-24,2719694160597,لیوان‌نمونه آزمایشی,10,,2358000,10,2358000,T2
L110,1403-08-04,2339084382851,خدمات‌آموزشی آزمایشی,19,,1348000,0,319,T6
L111,1405-11-23,2339731576325,خدمات نظافت‌نمونه مدل ۸۰,13.5,,108000,10,145800,
L112,1405-04-08,2909099592792,کالای فرضی نرخ اعشاری,11,,1223000,12.5,1681625,
L113,1404-12-15,2809008655245,شیر فرضی مدل 87 شرکت نمونه فرضی 9,16,,4460000,10,7136000,
L114,1405-12-02,2339731576325,خدمات نظافت نمونه مدل 80 شرکت نمونه فرضی 5,8,,597000,10,477600,
L115,1405-12-04,2809839124072,اجناس فروش رفته,1,,438170000,0,0,
L116,1402-05-03,2339084382851,خدمات آموزشی آزمایشی,14,,1226000,0,0,NOT_IN_FORCE
L117,1404-09-27,2719437383461,نان آزمایشی دارای سابقه تغییر شرکت نمونه فرضی,12,,4163000,10,4995600,T3
L118,1405-12-10,2339548088184,خدمات حمل فرضی مدل 94 شرکت نمونه فرضی 1,20,,2330000,10,4659621,T6
L119,1405-12-14,2339887184975,خدمات نظافت نمونه,17,,2256000,12.5,4794000,T2
L120,1405-10-23,2809008655245,شیر فرضی مدل 87,9,,2355000,10,2119500,
L121,1403-03-21,2909638323356,چراغ مطالعه فرضی مدل ۶۹,8,,2430000,0,0,
L122,1405-07-05,2909099592792,خدمات متفرقه,2,,24694000,12.5,6173500,
L123,1405-03-06,2809342900995,اقلام متفرقه,5,,1933286000,0,0,T4
L124,1405-12-25,2729260780947,برنج فرضی,4,,970000,9,349200,
L125,1404-01-29,2339669896671,خدمات مشاوره فرضی,16,,8611000,9,12399840,
L126,1403-06-05,2809257424641,نان آزمایشی دارای سابقه تغییر شرکت نمونه فرضی,19,,2520000,10,4788000,
L127,1403-04-19,2909638323356,چراغ مطالعه فرضی مدل ۶۹,16,,44441000,0,0,
L128,1404-01-02,2339857623414,خدمات تعمیر نمونه,19,,8199000,10,15578100,
L129,1403-12-21,2809021153081,روغن فرضی مدل 16,1,,6355000,9,571950,
L130,1405-12-25,2339684231416,خدمات حمل فرضی مدل ۴۸ شرکت نمونه فرضی ۶,20,,154000,0,0,T3
L131,1405-01-02,2729472776955,دفترچه‌فرضی,9,,1283000,9,904130,T6
L132,1403-11-17,2909670426584,پیچ نمونه مدل ۱ شرکت نمونه فرضی ۸,11,,1018000,10,1119800,
L133,1405-12-20,2339684231416,خدمات حمل فرضی مدل 31 شرکت نمونه فرضی 4,20,,3511000,0,0,T3
L134,1404-06-19,2909670426584,پیچ نمونه مدل 1 شرکت نمونه فرضی 8,12,,1016000,10,1219200,
L135,1405-09-24,2909155236005,كفش نمونه‌مدل 65,15,,7315000,10,10972500,
L136,1405-09-19,2729260780947,برنج فرضی,1,,6891000,9,620190,
L137,1405-11-25,2909953976156,بابت خدمات,4,,1409078000,0,0,T4
L138,1403-02-02,2809734954277,کالای وارداتی‌فرضی با تاریخ انقضا,16,,2740000,10,4384000,
L139,1405-11-01,2339548088184,خدمات حمل فرضی مدل 94,13,,392000,10,509600,
L140,1404-04-19,2339669896671,خدمات مشاوره فرضی,19,,16134000,9,27589140,
L141,1405-10-07,2339887184975,خدمات نظافت نمونه,15,,5412000,12.5,10147500,T2
L142,1403-05-10,2809008655245,شیر فرضی‌مدل ۸۷,3,,3676000,10,1102800,
L143,1404-01-25,2809734954277,کالای وارداتی فرضی با تاریخ انقضا,1,,535000,10,53500,
L144,1405-10-03,2909231400877,کابل آزمایشی مدل ۸۴ شرکت نمونه فرضی ۵,14,,1361000,0,0,
L145,1405-12-09,2339731576325,خدمات متفرقه,5,,32667000,10,16333500,
L146,1405-10-24,2339018689563,سایر کالاها,3,,3740855000,0,0,T4
L147,1405-04-17,2719635367398,اقلام متفرقه,3,,5764681000,10,1729404300,T4
L148,1403-06-10,2333102918148,نان‌آزمایشی,8,,4705000,10,3764000,NOT_IN_CATALOG
L149,1404-12-06,2809376310291,برنج فرضی مدل‌14,8,,1102000,9,793440,
L150,1405-12-02,2909953976156,کالای فرضی با توضیح نرخ شرکت نمونه,5,,1640000,0,0,
L151,1405-04-06,2809376310291,برنج فرضي مدل 14 شركت نمونه فرضي 5,5,,438000,9,197100,
L152,1405-12-20,2339578798206,خدمات حمل فرضي مدل ۳۱ شركت نمونه فرضي ۴,10,,2658000,10,2658000,
L153,1405-03-09,2339361159730,خدمات آموزشی آزمایشی,3,,5236000,0,0,
L154,1405-04-15,2339084382851,خدمات‌آموزشي آزمايشي,9,,534000,0,0,
L155,1402-04-22,2339684231416,خدمات حمل‌فرضی,19,,247000,0,0,
L156,1405-03-21,2909155236005,کفش نمونه مدل 65 شرکت نمونه فرضی 3,16,,13620000,10,21792000,
L157,1405-10-14,2729057385341,برنج فرضی,1,,756000,10,75600,
L158,1404-03-07,2719437383461,نان آزمایشی,5,,3223000,10,1611500,
L159,1405-07-22,2909943846083,صابون نمونه مدل ۱۱,13,,1782000,9,2084940,
L160,1405-01-02,2719437383461,نان آزمايشي,8,,5079000,10,4063200,
L161,1402-06-22,2809628775523,نان آزمایشی مدل 60,6,,874000,0,0,
L162,1405-02-21,2729744617259,پیچ نمونه,1,,2809000,10,280900,
L163,1405-05-23,2809834670390,دفترچه فرضی دارای سابقه تغییر شرکت نمونه فرضی,5,,1194000,0,0,
L164,1404-03-03,2809834670390,اجناس فروش رفته,3,,145990000,10,43797000,
L165,1404-12-18,2909155236005,کفش نمونه مدل 65,7,,5785000,9,3644550,T2
L166,1405-12-23,2719694160597,لیوان نمونه‌آزمایشی,11,,4061000,0,0,
L167,1403-07-20,2339857623414,خدمات تعمير نمونه,6,,400000,10,240000,
L168,1403-12-28,2339605887067,کالا,5,,1511099000,10,755549500,T4
L169,1404-10-04,2729744617259,پیچ‌نمونه,4,,59000,10,23600,
L170,1405-08-05,2729688871319,پارچه آزمايشي,12,,2519000,10,3022800,
L171,1405-09-16,2339605887067,خدمات نظافت نمونه داراي سابقه تغيير,1,,968000,10,96800,
L172,1405-11-10,2729688871319,بابت خدمات,3,,133819000,10,40145700,
L173,1404-12-25,2809342900995,نان‌آزمایشی مدل 34,4,,2168000,0,0,
L174,1405-12-26,2333335016106,خدمات آموزشی آزمایشی مدل‌30,8,,2119000,12.5,2119000,NOT_IN_CATALOG
L175,1404-04-05,2729472776955,دفترچه فرضي,4,,355000,9,127800,
L176,1405-11-14,2339731576325,خدمات نظافت نمونه مدل 80 شرکت نمونه‌فرضی 5,8,,6079000,10,4863200,
L177,1402-12-18,2339112306342,خدمات آموزشي آزمايشي مدل ۳۰,18,,457000,10,822600,
L178,1403-10-28,2909638323356,چراغ‌مطالعه فرضي مدل ۶۹ شركت نمونه فرضي ۱,5,,831000,0,0,
L179,1405-06-24,2719055455491,کابل‌آزمایشی,10,,754000,9,678600,
L180,1404-12-19,2339361159730,خدمات آموزشي‌آزمايشي,5,,1105000,0,0,
L181,1404-06-14,2809342900995,نان آزمایشی مدل ۳۴,5,,846000,0,0,NOT_IN_FORCE
L182,1405-12-04,2809839124072,سایر کالاها,4,,9484000,0,0,
L183,1405-11-28,2909099592792,کالای فرضی نرخ اعشاری,18,,10038000,12.5,22585500,
L184,1405-10-21,2809376310291,سایر کالاها,4,,9538000,9,3433680,
L185,1405-12-15,2339684231416,خدمات حمل فرضی مدل 31 شرکت نمونه فرضی 4,1,,11158000,0,0,T3
L186,1402-08-08,2339605887067,خدمات نظافت نمونه دارای سابقه تغییر,17,,3328000,9,5091840,
L187,1404-08-08,2809376310291,برنج فرضی مدل 14,13,,6690000,9,7827300,
L188,1402-08-10,2800579484057,صابون‌نمونه,8,,9383000,10,7506400,NOT_IN_CATALOG
L189,1405-10-13,2719694160597,ليوان نمونه آزمايشي,5,,3597000,10,1798500,T2
L190,1405-12-18,2339578798206,اجناس فروش رفته,1,,18381208000,10,1838120800,T4
L191,1405-08-19,2339084382851,خدمات آموزشي‌آزمايشي,15,,3101000,0,0,
L192,1405-11-02,2339548088184,خدمات حمل فرضي مدل 94 شركت نمونه فرضي 1,7,,1539000,10,1077418,T6
L193,1405-12-08,2339361159730,خدمات آموزشی آزمایشی مدل 30 شرکت نمونه فرضی 2,13,,1419000,0,0,T3
L194,1404-12-22,2339361159730,خدمات آموزشي‌آزمايشي,20,,1349000,0,0,
L195,1402-11-10,2719437383461,نان آزمایشی,6,,7837000,12.5,5877750,T2
L196,1402-11-23,2809257424641,نان آزمايشي داراي سابقه تغيير,8,,1287000,10,1029600,
L197,1405-06-16,2809008655245,شیر فرضی مدل 87 شرکت نمونه فرضی 9,4,,98000,10,39200,
L198,1405-12-17,2729688871319,پارچه‌آزمایشی,18,,1154000,10,2077200,
L199,1402-10-21,2809628775523,نان آزمايشي مدل 60,6.5,,921000,0,0,
L200,1405-11-26,2729057385341,برنج فرضي,9,,6452000,10,5806800,
